iso_timestamp,0.0000,0.0000,0.0000,0.0000,0.0000,1,0.0000,0.0000
2025-06-18T03:42:44.602154,0.0,0.0,0.0,0.0,0.0,1.0,0.0,0.0
2025-06-18T03:42:44.675638,0.0,0.0,0.0,0.0,0.0,1.0,0.0,0.0
2025-06-18T03:42:44.719685,0.0,0.0,0.0,0.0,0.0,1.0,0.0,0.0
2025-06-18T03:42:44.786728,0.0,0.0,0.0,0.0,0.0,1.0,0.0,0.0
2025-06-18T03:42:44.853839,0.0,0.0,0.0,0.0,0.0,1.0,0.0,0.0
2025-06-18T03:42:44.932209,0.0,0.0,0.0,0.0,0.0,1.0,0.0,0.0
2025-06-18T03:42:44.991807,0.0,0.0,0.0,0.0,0.0,1.0,0.0,0.0
2025-06-18T03:42:45.056479,0.0,0.0,0.0,0.0,0.0,1.0,0.0,0.0
2025-06-18T03:42:45.133504,0.0,0.0,0.0,0.0,0.0,1.0,0.0,0.0
2025-06-18T03:42:45.189769,0.0,0.0,0.0,0.0,0.0,1.0,0.0,0.0
2025-06-18T03:42:45.256061,0.0,0.0,0.0,0.0,0.0,1.0,0.0,0.0
2025-06-18T03:42:45.322814,0.0,0.0,0.0,0.0,0.0,1.0,0.0,0.0
2025-06-18T03:42:45.389972,0.0,0.0,0.0,0.0,0.0,1.0,0.0,0.0
2025-06-18T03:42:45.457820,0.0,0.0,0.0,0.0,0.0,1.0,0.0,0.0
2025-06-18T03:42:45.523883,0.0,0.0,0.0,0.0,0.0,1.0,0.0,0.0
2025-06-18T03:42:45.592419,0.0,0.0,0.0,0.0,0.0,1.0,0.0,0.0
2025-06-18T03:42:45.659243,0.0,0.0667,7.7556,4.0,11.7556,0.0,11.7556,18.0
2025-06-18T03:42:45.725170,0.0126,0.1333,9.1345,8.0,17.1345,0.0,17.1345,18.0
2025-06-18T03:42:45.796766,0.0315,0.2,10.7962,12.0,22.7962,0.0,22.7962,22.7962
2025-06-18T03:42:45.860198,0.0525,0.2667,12.7476,16.0,28.7476,0.0,28.7476,28.7476
2025-06-18T03:42:45.926389,0.0739,0.3333,14.886,20.0,34.886,0.0,34.886,34.886
2025-06-18T03:42:46.001569,0.08,0.4,18.8727,24.0,42.8727,0.0,42.8727,42.8727
2025-06-18T03:42:46.061182,0.0893,0.4667,21.4377,28.0,49.4377,0.0,49.4377,49.4377
2025-06-18T03:42:46.127387,0.104,0.5333,23.6807,32.0,55.6807,0.0,55.6807,55.6807
2025-06-18T03:42:46.194334,0.1246,0.6,25.7043,36.0,61.7043,0.0,61.7043,61.7043
2025-06-18T03:42:46.261840,0.1495,0.6667,27.7602,40.0,67.7602,0.0,67.7602,67.7602
2025-06-18T03:42:46.330523,0.1939,0.7333,27.8914,44.0,71.8914,0.0,71.8914,71.8914
2025-06-18T03:42:46.395438,0.2274,0.8,30.8028,48.0,78.8028,0.0,78.8028,78.8028
2025-06-18T03:42:46.463920,0.2833,0.8667,30.3385,52.0,82.3385,0.0,82.3385,82.3385
2025-06-18T03:42:46.533345,0.3032,0.9333,35.747,56.0,91.747,0.0,91.747,91.747
2025-06-18T03:42:46.596419,0.3474,1.0,35.6854,60.0,95.6854,0.0,95.6854,95.6854
2025-06-18T03:42:46.668542,0.3925,1.0667,37.3876,64.0,101.3876,0.0,101.3876,101.3876
2025-06-18T03:42:46.733282,0.4658,1.1333,35.9,68.0,103.9,0.0,103.9,103.9
2025-06-18T03:42:46.798809,0.5379,1.1931,35.8418,71.5858,107.4276,0.0,107.4276,107.4276
2025-06-18T03:42:46.873811,0.5584,1.1628,31.7354,69.7688,101.5042,0.0,101.5042,101.5042
2025-06-18T03:42:46.931947,0.6003,1.1393,28.741,68.3568,97.0978,0.0,97.0978,97.0978
2025-06-18T03:42:46.998558,0.642,1.1156,26.7571,66.9355,93.6926,0.0,93.6926,93.6926
2025-06-18T03:42:47.065582,0.7153,1.0828,19.9465,64.9652,84.9117,0.0,84.9117,84.9117
2025-06-18T03:42:47.132507,0.7506,1.0662,22.3692,63.9722,86.3415,0.0,86.3415,86.3415
2025-06-18T03:42:47.199706,0.7823,1.0495,21.0505,62.9695,84.0201,0.0,84.0201,84.0201
2025-06-18T03:42:47.266582,0.8102,1.0361,20.2276,62.1674,82.395,0.0,82.395,82.395
2025-06-18T03:42:47.336607,0.8329,1.0352,20.8789,62.109,82.9879,0.0,82.9879,82.9879
2025-06-18T03:42:47.400789,0.8519,1.0288,19.9653,61.729,81.6942,0.0,81.6942,81.6942
2025-06-18T03:42:47.467559,0.9223,1.0293,13.981,61.7583,75.7393,0.0,75.7393,75.7393
2025-06-18T03:42:47.540579,0.9012,1.0353,22.5067,62.1151,84.6218,0.0,84.6218,84.6218
2025-06-18T03:42:47.605518,0.939,1.0289,15.5179,61.7338,77.2517,0.0,77.2517,77.2517
2025-06-18T03:42:47.668856,0.9181,1.0301,21.5193,61.8038,83.3231,0.0,83.3231,83.3231
2025-06-18T03:42:47.735885,0.9264,1.0254,18.5045,61.5265,80.031,0.0,80.031,80.031
2025-06-18T03:42:47.802824,0.9608,1.0252,15.5875,61.5129,77.1005,0.0,77.1005,77.1005
2025-06-18T03:42:47.869815,0.9617,1.0299,18.7066,61.7938,80.5004,0.0,80.5004,80.5004
2025-06-18T03:42:47.936689,0.9638,1.0288,18.1366,61.7268,79.8634,0.0,79.8634,79.8634
2025-06-18T03:42:48.003900,0.9662,1.0265,17.9253,61.5899,79.5152,0.0,79.5152,79.5152
2025-06-18T03:42:48.071338,0.9687,1.0281,18.2562,61.6887,79.9449,0.0,79.9449,79.9449
2025-06-18T03:42:48.137641,0.9722,1.0267,17.8162,61.601,79.4172,0.0,79.4172,79.4172
2025-06-18T03:42:48.208551,1.003,1.0241,14.3814,61.4476,75.829,0.0,75.829,75.829
2025-06-18T03:42:48.273344,1.0009,1.0283,17.6525,61.6998,79.3523,0.0,79.3523,79.3523
2025-06-18T03:42:48.338647,1.0253,1.0261,14.1175,61.5683,75.6858,0.0,75.6858,75.6858
2025-06-18T03:42:48.414513,0.9922,1.0355,21.049,62.1297,83.1788,0.0,83.1788,83.1788
2025-06-18T03:42:48.473098,1.0193,1.0312,14.2756,61.8706,76.1462,0.0,76.1462,76.1462
2025-06-18T03:42:48.539793,1.014,1.0402,18.3051,62.4132,80.7183,0.0,80.7183,80.7183
2025-06-18T03:42:48.606783,1.0354,1.0412,14.8968,62.4723,77.3691,0.0,77.3691,77.3691
2025-06-18T03:42:48.673897,1.0016,0.9745,12.6193,9.7454,22.3647,0.0,22.3647,22.3647
2025-06-18T03:42:48.740929,0.9565,0.9079,12.5323,9.0787,21.611,0.0,21.611,21.611
2025-06-18T03:42:48.807705,0.9233,0.8412,10.1826,8.4121,18.5947,0.0,18.5947,18.5947
2025-06-18T03:42:48.876279,0.9034,0.7745,7.1574,7.7454,14.9028,0.0,14.9028,18.0
2025-06-18T03:42:48.941673,0.8865,0.7079,4.6944,7.0787,11.7731,0.0,11.7731,18.0
2025-06-18T03:42:49.008476,0.8524,0.6412,4.4007,6.4121,10.8127,0.0,10.8127,18.0
2025-06-18T03:42:49.084239,0.8152,0.5745,3.1374,5.7454,8.8828,0.0,8.8828,18.0
2025-06-18T03:42:49.145793,0.7729,0.5079,2.1896,5.0787,7.2683,0.0,7.2683,18.0
2025-06-18T03:42:49.209449,0.7298,0.4412,0.9255,4.4121,5.3375,0.0,5.3375,18.0
2025-06-18T03:42:49.276598,0.6949,0.3745,-1.3928,3.7454,2.3525,0.0,2.3525,18.0
2025-06-18T03:42:49.343700,0.6522,0.3079,-2.2171,3.0787,0.8616,0.0,0.8616,18.0
2025-06-18T03:42:49.411473,0.6109,0.2412,-3.8382,2.4121,-1.4261,0.0,1.4261,18.0
2025-06-18T03:42:49.477567,0.5504,0.1745,-3.145,1.7454,-1.3996,0.0,1.3996,18.0
2025-06-18T03:42:49.545563,0.4992,0.1079,-4.9811,1.0787,-3.9024,0.0,3.9024,18.0
2025-06-18T03:42:49.613836,0.4479,0.0412,-6.1243,0.4121,-5.7122,0.0,5.7122,18.0
2025-06-18T03:42:49.678731,0.3988,-0.0255,-7.5699,-0.2546,-7.8245,0.0,7.8245,18.0
2025-06-18T03:42:49.751848,0.3489,-0.0921,-8.7643,-0.9213,-9.6856,0.0,9.6856,18.0
2025-06-18T03:42:49.815727,0.2988,-0.1588,-10.0225,-1.5879,-11.6104,0.0,11.6104,18.0
2025-06-18T03:42:49.880745,0.2523,-0.2255,-11.7267,-2.2546,-13.9813,0.0,13.9813,18.0
2025-06-18T03:42:49.958553,0.2097,-0.2921,-13.6581,-17.5277,-31.1857,0.0,31.1857,31.1857
2025-06-18T03:42:50.015554,0.158,-0.3588,-14.2708,-21.5277,-35.7985,0.0,35.7985,35.7985
2025-06-18T03:42:50.082699,0.1167,-0.4255,-16.7811,-25.5277,-42.3088,0.0,42.3088,42.3088
2025-06-18T03:42:50.148204,0.0747,-0.4921,-18.4649,-29.5277,-47.9926,0.0,47.9926,47.9926
2025-06-18T03:42:50.215727,0.0338,-0.5588,-20.3805,-33.5277,-53.9081,0.0,53.9081,53.9081
2025-06-18T03:42:50.284595,-0.0099,-0.6255,-21.9029,-37.5277,-59.4306,0.0,59.4306,59.4306
2025-06-18T03:42:50.349029,-0.0667,-0.6921,-22.15,-41.5277,-63.6777,0.0,63.6777,63.6777
2025-06-18T03:42:50.421814,-0.1115,-0.7588,-24.7885,-45.5277,-70.3161,0.0,70.3161,70.3161
2025-06-18T03:42:50.484710,-0.1573,-0.8255,-26.4352,-49.5277,-75.9629,0.0,75.9629,75.9629
2025-06-18T03:42:50.550267,-0.2178,-0.8921,-26.4823,-53.5277,-80.0099,0.0,80.0099,80.0099
2025-06-18T03:42:50.627485,-0.2462,-0.9588,-31.3718,-57.5277,-88.8994,0.0,88.8994,88.8994
2025-06-18T03:42:50.685149,-0.2974,-1.0255,-31.2529,-61.5277,-92.7806,0.0,92.7806,92.7806
2025-06-18T03:42:50.751806,-0.3724,-1.0921,-30.0913,-65.5277,-95.619,0.0,95.619,95.619
2025-06-18T03:42:50.818537,-0.4238,-1.1588,-33.4447,-69.5277,-102.9723,0.0,102.9723,102.9723
2025-06-18T03:42:50.885650,-0.4757,-1.2255,-35.0053,-73.5277,-108.533,0.0,108.533,108.533
2025-06-18T03:42:50.956396,-0.5271,-1.2921,-36.673,-77.5277,-114.2007,0.0,114.2007,114.2007
2025-06-18T03:42:51.019561,-0.5769,-1.3588,-38.5074,-81.5277,-120.0351,0.0,120.0351,120.0351
2025-06-18T03:42:51.094943,-0.6958,-1.388,-27.8534,-83.2798,-111.1332,0.0,111.1332,111.1332
2025-06-18T03:42:51.156443,-0.7128,-1.3882,-33.5444,-83.2907,-116.8351,0.0,116.8351,116.8351
2025-06-18T03:42:51.222022,-0.7652,-1.3883,-29.6285,-83.2993,-112.9278,0.0,112.9278,112.9278
2025-06-18T03:42:51.288712,-0.8094,-1.3884,-29.252,-83.3063,-112.5583,0.0,112.5583,112.5583
2025-06-18T03:42:51.354797,-0.8527,-1.3885,-28.3033,-83.3118,-111.6151,0.0,111.6151,111.6151
2025-06-18T03:42:51.422262,-0.9309,-1.3886,-23.1682,-83.3163,-106.4845,0.0,106.4845,106.4845
2025-06-18T03:42:51.488602,-0.962,-1.3887,-26.0254,-83.3198,-109.3452,0.0,109.3452,109.3452
2025-06-18T03:42:51.559265,-0.9947,-1.3887,-25.1271,-83.3226,-108.4498,0.0,108.4498,108.4498
2025-06-18T03:42:51.624362,-1.0293,-1.3887,-24.074,-83.3249,-107.399,0.0,107.399,107.399
2025-06-18T03:42:51.689591,-1.0616,-1.3888,-23.4029,-83.3267,-106.7297,0.0,106.7297,106.7297
2025-06-18T03:42:51.762990,-1.0904,-1.3888,-22.9015,-83.3282,-106.2297,0.0,106.2297,106.2297
2025-06-18T03:42:51.827330,-1.1498,-1.3221,-10.8006,-79.3282,-90.1288,0.0,90.1288,90.1288
2025-06-18T03:42:51.890354,-1.1559,-1.2555,-12.0105,-75.3282,-87.3387,0.0,87.3387,87.3387
2025-06-18T03:42:51.957286,-1.1515,-1.1888,-10.3676,-71.3282,-81.6957,0.0,81.6957,81.6957
2025-06-18T03:42:52.025870,-1.1786,-1.1221,-4.1649,-11.2214,-15.3863,0.0,15.3863,18.0
2025-06-18T03:42:52.091654,-1.1266,-1.0555,-9.4328,-10.5547,-19.9875,0.0,19.9875,19.9875
2025-06-18T03:42:52.158176,-1.114,-0.9888,-4.1364,-9.888,-14.0245,0.0,14.0245,18.0
2025-06-18T03:42:52.228434,-1.127,-0.9221,1.2345,-9.2214,-7.9868,0.0,7.9868,18.0
2025-06-18T03:42:52.292361,-1.0616,-0.8555,-4.3112,-8.5547,-12.8659,0.0,12.8659,18.0
2025-06-18T03:42:52.359263,-1.0243,-0.7888,-0.715,-7.888,-8.603,0.0,8.603,18.0
2025-06-18T03:42:52.435230,-1.0017,-0.7221,2.5165,-7.2214,-4.7049,0.0,4.7049,18.0
2025-06-18T03:42:52.493259,-0.9395,-0.6555,0.1123,-6.5547,-6.4424,0.0,6.4424,18.0
2025-06-18T03:42:52.561511,-0.9049,-0.5888,3.8826,-5.888,-2.0054,0.0,2.0054,18.0
2025-06-18T03:42:52.627296,-0.8518,-0.5221,3.4749,-5.2214,-1.7465,0.0,1.7465,18.0
2025-06-18T03:42:52.693783,-0.7999,-0.4555,4.6128,-4.5547,0.0581,0.0,0.0581,18.0
2025-06-18T03:42:52.760858,-0.7299,-0.3888,3.579,-3.888,-0.3091,0.0,0.3091,18.0
2025-06-18T03:42:52.827768,-0.6897,-0.3221,7.3647,-3.2214,4.1434,0.0,4.1434,18.0
2025-06-18T03:42:52.900658,-0.6199,-0.2555,5.4987,-2.5547,2.944,0.0,2.944,18.0
2025-06-18T03:42:52.964360,-0.5599,-0.1888,7.0061,-1.888,5.1181,0.0,5.1181,18.0
2025-06-18T03:42:53.028823,-0.4994,-0.1221,7.7168,-1.2214,6.4955,0.0,6.4955,18.0
2025-06-18T03:42:53.095857,-0.4427,-0.0555,8.9052,-0.5547,8.3505,0.0,8.3505,18.0
2025-06-18T03:42:53.164334,-0.3865,0.0112,9.9044,0.112,10.0163,0.0,10.0163,18.0
2025-06-18T03:42:53.233507,-0.3292,0.0779,10.7376,0.7786,11.5163,0.0,11.5163,18.0
2025-06-18T03:42:53.297001,-0.2808,0.1445,12.6967,1.4453,14.142,0.0,14.142,18.0
2025-06-18T03:42:53.367153,-0.2352,0.2112,14.3503,2.112,16.4623,0.0,16.4623,18.0
2025-06-18T03:42:53.431210,-0.1943,0.2779,16.3568,16.6718,33.0287,0.0,33.0287,33.0287
2025-06-18T03:42:53.498889,-0.1474,0.3445,17.3521,20.6718,38.024,0.0,38.024,38.024
2025-06-18T03:42:53.574338,-0.1069,0.4112,19.5785,24.6718,44.2504,0.0,44.2504,44.2504
2025-06-18T03:42:53.632464,-0.0589,0.4779,20.473,28.6718,49.1448,0.0,49.1448,49.1448
2025-06-18T03:42:53.699627,-0.0183,0.5445,22.8164,32.6718,55.4882,0.0,55.4882,55.4882
2025-06-18T03:42:53.766111,0.0364,0.6112,23.0153,36.6718,59.6871,0.0,59.6871,59.6871
2025-06-18T03:42:53.834732,0.0679,0.6779,26.9709,40.6718,67.6427,0.0,67.6427,67.6427
2025-06-18T03:42:53.901588,0.1141,0.7445,27.5292,44.6718,72.201,0.0,72.201,72.201
2025-06-18T03:42:53.967107,0.1746,0.8112,27.5489,48.6718,76.2208,0.0,76.2208,76.2208
2025-06-18T03:42:54.041489,0.2195,0.8779,30.4701,52.6718,83.1419,0.0,83.1419,83.1419
2025-06-18T03:42:54.105346,0.2676,0.9445,31.8755,56.6718,88.5473,0.0,88.5473,88.5473
2025-06-18T03:42:54.169665,0.3371,1.0112,31.0539,60.6718,91.7257,0.0,91.7257,91.7257
2025-06-18T03:42:54.235173,0.386,1.0779,34.229,64.6718,98.9008,0.0,98.9008,98.9008
2025-06-18T03:42:54.305057,0.4146,1.1445,38.2512,68.6718,106.923,0.0,106.923,106.923
2025-06-18T03:42:54.370837,0.498,1.209,34.1733,72.5419,106.7152,0.0,106.7152,106.7152
2025-06-18T03:42:54.436277,0.5459,1.1804,27.631,70.8253,98.4563,0.0,98.4563,98.4563
2025-06-18T03:42:54.508411,0.587,1.1561,26.6176,69.3687,95.9863,0.0,95.9863,95.9863
2025-06-18T03:42:54.571898,0.6294,1.1249,23.7111,67.495,91.2061,0.0,91.2061,91.2061
2025-06-18T03:42:54.637953,0.6989,1.102,19.1389,66.1211,85.26,0.0,85.26,85.26
2025-06-18T03:42:54.716875,0.7077,1.0795,22.9693,64.772,87.7413,0.0,87.7413,87.7413
2025-06-18T03:42:54.771608,0.7735,1.0595,15.8306,63.5677,79.3983,0.0,79.3983,79.3983
2025-06-18T03:42:54.838558,0.799,1.0503,18.6226,63.0209,81.6435,0.0,81.6435,81.6435
2025-06-18T03:42:54.905336,0.8193,1.041,18.0931,62.4585,80.5516,0.0,80.5516,80.5516
2025-06-18T03:42:54.975830,0.8375,1.0446,18.9261,62.6752,81.6014,0.0,81.6014,81.6014
2025-06-18T03:42:55.039366,0.881,1.0419,14.9254,62.5153,77.4407,0.0,77.4407,77.4407
2025-06-18T03:42:55.107183,0.8907,1.0453,17.87,62.7207,80.5906,0.0,80.5906,80.5906
2025-06-18T03:42:55.183637,0.8993,1.0425,17.2125,62.5516,79.7641,0.0,79.7641,79.7641
2025-06-18T03:42:55.240453,0.934,1.0424,14.2056,62.5414,76.747,0.0,76.747,76.747
2025-06-18T03:42:55.309305,0.9106,1.045,19.9959,62.6999,82.6958,0.0,82.6958,82.6958
2025-06-18T03:42:55.374402,0.9183,1.036,16.2868,62.16,78.4468,0.0,78.4468,78.4468
2025-06-18T03:42:55.443589,0.9253,1.0316,16.3626,61.8948,78.2574,0.0,78.2574,78.2574
2025-06-18T03:42:55.508560,0.957,1.0336,13.9053,62.0159,75.9212,0.0,75.9212,75.9212
2025-06-18T03:42:55.575497,0.9582,1.0324,15.9594,61.9462,77.9056,0.0,77.9056,77.9056
2025-06-18T03:42:55.642555,0.9605,1.0371,16.5057,62.2237,78.7293,0.0,78.7293,78.7293
2025-06-18T03:42:55.709508,0.962,1.0366,16.2062,62.1957,78.4019,0.0,78.4019,78.4019
2025-06-18T03:42:55.776920,0.9625,1.0355,16.2727,62.1317,78.4044,0.0,78.4044,78.4044
2025-06-18T03:42:55.843508,0.9889,1.0354,13.3987,62.1221,75.5208,0.0,75.5208,75.5208
2025-06-18T03:42:55.911535,0.9844,1.0325,15.6373,61.9478,77.5851,0.0,77.5851,77.5851
2025-06-18T03:42:55.977808,0.9814,1.0364,16.3844,62.1833,78.5678,0.0,78.5678,78.5678
2025-06-18T03:42:56.044451,1.0054,1.0361,13.1032,62.1634,75.2666,0.0,75.2666,75.2666
2025-06-18T03:42:56.119747,0.9732,1.0427,19.5014,62.5642,82.0656,0.0,82.0656,82.0656
2025-06-18T03:42:56.178581,0.9729,1.0425,16.6796,62.5514,79.2311,0.0,79.2311,79.2311
2025-06-18T03:42:56.246179,1.026,1.0396,10.2494,62.3746,72.6239,0.0,72.6239,72.6239
2025-06-18T03:42:56.312594,0.9906,1.0511,19.9325,63.0664,82.999,0.0,82.999,82.999
2025-06-18T03:42:56.383291,0.9871,1.0444,16.1209,62.6616,78.7825,0.0,78.7825,78.7825
2025-06-18T03:42:56.447939,0.9846,0.9777,8.962,9.7769,18.739,0.0,18.739,18.739
2025-06-18T03:42:56.513449,0.935,0.911,11.787,9.1103,20.8972,0.0,20.8972,20.8972
2025-06-18T03:42:56.588678,0.9175,0.8444,7.3194,8.4436,15.7629,0.0,15.7629,18.0
2025-06-18T03:42:56.647616,0.8973,0.7777,5.4998,7.7769,13.2767,0.0,13.2767,18.0
2025-06-18T03:42:56.714541,0.8654,0.711,4.7854,7.1103,11.8956,0.0,11.8956,18.0
2025-06-18T03:42:56.781253,0.8328,0.6444,3.2166,6.4436,9.6602,0.0,9.6602,18.0
2025-06-18T03:42:56.850276,0.7949,0.5777,2.1821,5.7769,7.9591,0.0,7.9591,18.0
2025-06-18T03:42:56.915261,0.7524,0.511,1.2314,5.1103,6.3416,0.0,6.3416,18.0
2025-06-18T03:42:56.982192,0.7262,0.4444,-1.9796,4.4436,2.464,0.0,2.464,18.0
2025-06-18T03:42:57.057488,0.672,0.3777,-0.7753,3.7769,3.0017,0.0,3.0017,18.0
2025-06-18T03:42:57.117268,0.6296,0.311,-3.0587,3.1103,0.0516,0.0,0.0516,18.0
2025-06-18T03:42:57.183698,0.5894,0.2444,-4.7339,2.4436,-2.2903,0.0,2.2903,18.0
2025-06-18T03:42:57.250485,0.5301,0.1777,-4.0699,1.7769,-2.293,0.0,2.293,18.0
2025-06-18T03:42:57.321533,0.4826,0.111,-6.2175,1.1103,-5.1072,0.0,5.1072,18.0
2025-06-18T03:42:57.384483,0.4321,0.0444,-7.1545,0.4436,-6.7109,0.0,6.7109,18.0
2025-06-18T03:42:57.451544,0.3852,-0.0223,-8.7646,-0.2231,-8.9876,0.0,8.9876,18.0
2025-06-18T03:42:57.526938,0.3373,-0.089,-9.9993,-0.8897,-10.8891,0.0,10.8891,18.0
2025-06-18T03:42:57.585997,0.2891,-0.1556,-11.3157,-1.5564,-12.8721,0.0,12.8721,18.0
2025-06-18T03:42:57.653489,0.2407,-0.2223,-12.6503,-2.2231,-14.8734,0.0,14.8734,18.0
2025-06-18T03:42:57.719989,0.1991,-0.289,-14.8081,-17.3384,-32.1465,0.0,32.1465,32.1465
2025-06-18T03:42:57.787818,0.1469,-0.3556,-15.2649,-21.3384,-36.6033,0.0,36.6033,36.6033
2025-06-18T03:42:57.857677,0.1132,-0.4223,-18.6765,-25.3384,-44.0149,0.0,44.0149,44.0149
2025-06-18T03:42:57.921027,0.0727,-0.489,-19.9735,-29.3384,-49.3119,0.0,49.3119,49.3119
2025-06-18T03:42:57.996276,0.0321,-0.5556,-21.7855,-33.3384,-55.1239,0.0,55.1239,55.1239
2025-06-18T03:42:58.055548,-0.0204,-0.6223,-22.2607,-37.3384,-59.5992,0.0,59.5992,59.5992
2025-06-18T03:42:58.122365,-0.0635,-0.689,-24.7484,-41.3384,-66.0868,0.0,66.0868,66.0868
2025-06-18T03:42:58.189156,-0.1094,-0.7556,-26.2284,-45.3384,-71.5668,0.0,71.5668,71.5668
2025-06-18T03:42:58.257519,-0.1592,-0.8223,-27.5005,-49.3384,-76.8389,0.0,76.8389,76.8389
2025-06-18T03:42:58.326259,-0.2091,-0.889,-29.0589,-53.3384,-82.3973,0.0,82.3973,82.3973
2025-06-18T03:42:58.390453,-0.2957,-0.9556,-26.3913,-57.3384,-83.7297,0.0,83.7297,83.7297
2025-06-18T03:42:58.469626,-0.3227,-1.0223,-33.3855,-61.3384,-94.7239,0.0,94.7239,94.7239
2025-06-18T03:42:58.525703,-0.3969,-1.089,-30.4691,-65.3384,-95.8075,0.0,95.8075,95.8075
2025-06-18T03:42:58.593198,-0.4198,-1.1556,-37.0382,-69.3384,-106.3766,0.0,106.3766,106.3766
2025-06-18T03:42:58.658503,-0.4656,-1.2223,-37.1722,-73.3384,-110.5107,0.0,110.5107,110.5107
2025-06-18T03:42:58.727510,-0.5498,-1.289,-34.5734,-77.3384,-111.9118,0.0,111.9118,111.9118
2025-06-18T03:42:58.792545,-0.6032,-1.3556,-38.4261,-81.3384,-119.7645,0.0,119.7645,119.7645
2025-06-18T03:42:58.859597,-0.6575,-1.3881,-35.8722,-83.283,-119.1553,0.0,119.1553,119.1553
2025-06-18T03:42:58.926946,-0.7086,-1.3882,-32.573,-83.2932,-115.8662,0.0,115.8662,115.8662
2025-06-18T03:42:58.993650,-0.7894,-1.3884,-27.914,-83.3014,-111.2153,0.0,111.2153,111.2153
2025-06-18T03:42:59.062716,-0.8049,-1.3885,-32.9688,-83.3079,-116.2767,0.0,116.2767,116.2767
2025-06-18T03:42:59.127712,-0.9205,-1.3886,-21.4684,-83.3131,-104.7815,0.0,104.7815,104.7815
2025-06-18T03:42:59.197374,-0.9533,-1.3886,-26.9449,-83.3173,-110.2622,0.0,110.2622,110.2622
2025-06-18T03:42:59.262511,-0.9521,-1.3887,-30.1307,-83.3206,-113.4514,0.0,113.4514,113.4514
2025-06-18T03:42:59.328642,-0.9868,-1.3887,-26.5843,-83.3233,-109.9077,0.0,109.9077,109.9077
2025-06-18T03:42:59.407269,-1.0129,-1.3888,-26.6847,-83.3255,-110.0101,0.0,110.0101,110.0101
2025-06-18T03:42:59.463028,-1.0797,-1.3888,-21.3774,-83.3272,-104.7045,0.0,104.7045,104.7045
2025-06-18T03:42:59.531987,-1.1039,-1.3888,-23.9788,-83.3285,-107.3074,0.0,107.3074,107.3074
2025-06-18T03:42:59.596620,-1.1249,-1.3888,-23.739,-83.3296,-107.0686,0.0,107.0686,107.0686
2025-06-18T03:42:59.666909,-1.1449,-1.3888,-23.3341,-83.3305,-106.6646,0.0,106.6646,106.6646
2025-06-18T03:42:59.731331,-1.1625,-1.3889,-23.1168,-83.3312,-106.448,0.0,106.448,106.448
2025-06-18T03:42:59.797762,-1.1776,-1.3889,-22.9794,-83.3318,-106.3112,0.0,106.3112,106.3112
2025-06-18T03:42:59.866468,-1.2621,-1.3889,-14.5628,-83.3322,-97.8951,0.0,97.8951,97.8951
2025-06-18T03:42:59.931836,-1.2278,-1.3222,-17.3039,-79.3322,-96.6361,0.0,96.6361,96.6361
2025-06-18T03:43:00.002016,-1.224,-1.2555,-12.5427,-75.3322,-87.8749,0.0,87.8749,87.8749
2025-06-18T03:43:00.065349,-1.2142,-1.1889,-10.6874,-11.8887,-22.5761,0.0,22.5761,22.5761
2025-06-18T03:43:00.140282,-1.1704,-1.1222,-12.2574,-11.222,-23.4795,0.0,23.4795,23.4795
2025-06-18T03:43:00.201370,-1.1821,-1.0555,-4.7919,-10.5554,-15.3473,0.0,15.3473,18.0
2025-06-18T03:43:00.266287,-1.1353,-0.9889,-8.1864,-9.8887,-18.0751,0.0,18.0751,18.0751
2025-06-18T03:43:00.333168,-1.1017,-0.9222,-5.6338,-9.222,-14.8558,0.0,14.8558,18.0
2025-06-18T03:43:00.402491,-1.0399,-0.8555,-7.3071,-8.5554,-15.8625,0.0,15.8625,18.0
2025-06-18T03:43:00.469160,-1.0017,-0.7889,-4.1217,-7.8887,-12.0104,0.0,12.0104,18.0
2025-06-18T03:43:00.534213,-0.9577,-0.7222,-3.3286,-7.222,-10.5506,0.0,10.5506,18.0
2025-06-18T03:43:00.607102,-0.9238,-0.6555,-0.9069,-6.5554,-7.4622,0.0,7.4622,18.0
2025-06-18T03:43:00.670973,-0.8702,-0.5889,-1.4908,-5.8887,-7.3795,0.0,7.3795,18.0
2025-06-18T03:43:00.736591,-0.8185,-0.5222,-0.3443,-5.222,-5.5663,0.0,5.5663,18.0
2025-06-18T03:43:00.802100,-0.7669,-0.4555,0.6706,-4.5554,-3.8847,0.0,3.8847,18.0
2025-06-18T03:43:00.869243,-0.7178,-0.3889,2.0027,-3.8887,-1.886,0.0,1.886,18.0
2025-06-18T03:43:00.938642,-0.6779,-0.3222,4.2359,-3.222,1.0139,0.0,1.0139,18.0
2025-06-18T03:43:01.003083,-0.61,-0.3188,-4.7836,-3.1876,-7.9712,0.0,7.9712,18.0
2025-06-18T03:43:01.077259,-0.5769,-0.3854,-11.1758,-3.8542,-15.03,0.0,15.03,18.0
2025-06-18T03:43:01.137455,-0.5392,-0.4521,-15.5762,-4.5209,-20.0971,0.0,20.0971,20.0971
2025-06-18T03:43:01.205104,-0.5037,-0.5188,-19.52,-31.1254,-50.6454,0.0,50.6454,50.6454
2025-06-18T03:43:01.271535,-0.4961,-0.5854,-20.5184,-35.1254,-55.6438,0.0,55.6438,55.6438
2025-06-18T03:43:01.338697,-0.5123,-0.6521,-20.9456,-39.1254,-60.071,0.0,60.071,60.071
2025-06-18T03:43:01.408573,-0.4871,-0.7065,-26.5917,-42.3896,-68.9813,0.0,68.9813,68.9813
2025-06-18T03:43:01.472488,-0.482,-0.6398,-13.7654,-38.3896,-52.155,0.0,52.155,52.155
2025-06-18T03:43:01.547359,-0.4565,-0.5732,-13.7928,-34.3896,-48.1824,0.0,48.1824,48.1824
2025-06-18T03:43:01.606536,-0.447,-0.5065,-10.393,-30.3896,-40.7826,0.0,40.7826,40.7826
2025-06-18T03:43:01.673308,-0.45,-0.4398,-6.6576,-4.3983,-11.0559,0.0,11.0559,18.0
2025-06-18T03:43:01.740400,-0.4314,-0.3732,-6.2714,-3.7316,-10.003,0.0,10.003,18.0
2025-06-18T03:43:01.808353,-0.4069,-0.3065,-4.8981,-3.0649,-7.963,0.0,7.963,18.0
2025-06-18T03:43:01.875291,-0.3843,-0.2398,-2.7913,-2.3983,-5.1896,0.0,5.1896,18.0
2025-06-18T03:43:01.941192,-0.3657,-0.1732,-0.3262,-1.7316,-2.0578,0.0,2.0578,18.0
2025-06-18T03:43:02.008074,-0.3584,-0.1065,3.2394,-1.0649,2.1744,0.0,2.1744,18.0
2025-06-18T03:43:02.076184,-0.3409,-0.0398,4.8429,-0.3983,4.4447,0.0,4.4447,18.0
2025-06-18T03:43:02.144314,-0.3197,0.0014,3.8864,0.0139,3.9003,1.0,3.9003,0.0
2025-06-18T03:43:02.209021,-0.3031,0.0011,0.8455,0.0111,0.8566,1.0,0.8566,0.0
2025-06-18T03:43:02.280271,-0.2777,0.0009,-0.4554,0.0089,-0.4464,1.0,0.4464,0.0
2025-06-18T03:43:02.343448,-0.2586,0.0007,-0.4094,0.0071,-0.4022,1.0,0.4022,0.0
2025-06-18T03:43:02.410670,-0.2346,0.0006,-1.4317,0.0057,-1.426,1.0,1.426,0.0
2025-06-18T03:43:02.487500,-0.2095,0.0005,-2.2313,0.0046,-2.2268,1.0,2.2268,0.0
2025-06-18T03:43:02.544650,-0.1869,0.0004,-2.7071,0.0037,-2.7035,1.0,2.7035,0.0
2025-06-18T03:43:02.613525,-0.1667,0.0003,-3.1101,0.0029,-3.1072,1.0,3.1072,0.0
2025-06-18T03:43:02.678039,-0.1487,0.0002,-3.4695,0.0023,-3.4671,1.0,3.4671,0.0
2025-06-18T03:43:02.749021,-0.1326,0.0002,-3.7899,0.0019,-3.7881,1.0,3.7881,0.0
2025-06-18T03:43:02.812918,-0.1183,0.0001,-4.0757,0.0015,-4.0742,1.0,4.0742,0.0
2025-06-18T03:43:02.879507,-0.1055,0.0001,-4.3306,0.0012,-4.3294,1.0,4.3294,0.0
2025-06-18T03:43:02.948117,-0.0941,0.0001,-4.5579,0.001,-4.5569,1.0,4.5569,0.0
2025-06-18T03:43:03.013920,-0.084,0.0001,-4.7606,0.0008,-4.7598,1.0,4.7598,0.0
2025-06-18T03:43:03.082574,-0.0749,0.0001,-4.9414,0.0006,-4.9408,1.0,4.9408,0.0
2025-06-18T03:43:03.147205,-0.0668,0.0,-5.1026,0.0005,-5.1021,1.0,5.1021,0.0
2025-06-18T03:43:03.218569,-0.0596,0.0,-5.2464,0.0004,-5.246,1.0,5.246,0.0
2025-06-18T03:43:03.282997,-0.0532,0.0,-5.3747,0.0003,-5.3744,1.0,5.3744,0.0
2025-06-18T03:43:03.348316,-0.0474,0.0,-5.4891,0.0003,-5.4888,1.0,5.4888,0.0
2025-06-18T03:43:03.415443,-0.0423,0.0,-5.5911,0.0002,-5.5909,1.0,5.5909,0.0
2025-06-18T03:43:03.484379,-0.0377,0.0,-5.6821,0.0002,-5.682,1.0,5.682,0.0
2025-06-18T03:43:03.550400,-0.0337,0.0,-5.7633,0.0001,-5.7632,1.0,5.7632,0.0
2025-06-18T03:43:03.616315,-0.03,0.0,-5.8357,0.0001,-5.8356,1.0,5.8356,0.0
2025-06-18T03:43:03.690741,-0.0268,0.0,-5.9003,0.0001,-5.9002,1.0,5.9002,0.0
2025-06-18T03:43:03.752975,-0.0239,0.0,-5.9579,0.0001,-5.9578,1.0,5.9578,0.0
2025-06-18T03:43:03.817514,-0.0213,0.0,-6.0093,0.0001,-6.0092,1.0,6.0092,0.0
2025-06-18T03:43:03.884312,-0.019,0.0,-6.0551,0.0,-6.0551,1.0,6.0551,0.0
2025-06-18T03:43:03.951605,-0.017,0.0,-6.096,0.0,-6.0959,1.0,6.0959,0.0
2025-06-18T03:43:04.018394,-0.0151,0.0,-6.1324,0.0,-6.1324,1.0,6.1324,0.0
2025-06-18T03:43:04.085352,-0.0135,0.0,-6.165,0.0,-6.1649,1.0,6.1649,0.0
2025-06-18T03:43:04.158838,-0.012,0.0,-6.194,0.0,-6.194,1.0,6.194,0.0
2025-06-18T03:43:04.222782,-0.0107,0.0,-6.2198,0.0,-6.2198,1.0,6.2198,0.0
2025-06-18T03:43:04.288078,-0.0096,0.0,-6.2429,0.0,-6.2429,1.0,6.2429,0.0
2025-06-18T03:43:04.353533,-0.0085,0.0,-6.2635,0.0,-6.2635,1.0,6.2635,0.0
2025-06-18T03:43:04.420515,-0.0076,0.0,-6.2819,0.0,-6.2819,1.0,6.2819,0.0
2025-06-18T03:43:04.488639,-0.0068,0.0,-6.2983,0.0,-6.2982,1.0,6.2982,0.0
2025-06-18T03:43:04.554426,-0.0061,0.0,-6.3129,0.0,-6.3129,1.0,6.3129,0.0
2025-06-18T03:43:04.628225,-0.0054,0.0,-6.3259,0.0,-6.3259,1.0,6.3259,0.0
2025-06-18T03:43:04.688615,-0.0048,0.0,-6.3375,0.0,-6.3375,1.0,6.3375,0.0
2025-06-18T03:43:04.755622,-0.0043,0.0,-6.3479,0.0,-6.3479,1.0,6.3479,0.0
2025-06-18T03:43:04.822508,-0.0038,0.0,-6.3571,0.0,-6.3571,1.0,6.3571,0.0
2025-06-18T03:43:04.890747,-0.0034,0.0,-6.3654,0.0,-6.3654,1.0,6.3654,0.0
2025-06-18T03:43:04.958409,-0.0031,0.0667,1.3828,4.0,5.3828,0.0,5.3828,18.0
2025-06-18T03:43:05.023579,0.01,0.1333,2.7442,8.0,10.7442,0.0,10.7442,18.0
2025-06-18T03:43:05.098203,0.023,0.2,5.1244,12.0,17.1244,0.0,17.1244,18.0
2025-06-18T03:43:05.157742,0.0232,0.2667,9.0741,16.0,25.0741,0.0,25.0741,25.0741
2025-06-18T03:43:05.225158,0.0318,0.3333,11.1578,20.0,31.1578,0.0,31.1578,31.1578
2025-06-18T03:43:05.291822,0.0435,0.2667,-1.897,16.0,14.103,0.0,14.103,18.0
2025-06-18T03:43:05.359612,0.0502,0.2778,4.7778,16.6668,21.4446,0.0,21.4446,21.4446
2025-06-18T03:43:05.428023,0.0626,0.3444,11.0704,20.6668,31.7372,0.0,31.7372,31.7372
2025-06-18T03:43:05.492818,0.0809,0.4111,13.0081,24.6668,37.6749,0.0,37.6749,37.6749
2025-06-18T03:43:05.568777,0.0977,0.4778,15.6131,28.6668,44.2799,0.0,44.2799,44.2799
2025-06-18T03:43:05.627466,0.1166,0.5444,17.9391,32.6668,50.6059,0.0,50.6059,50.6059
2025-06-18T03:43:05.695079,0.1569,0.6111,17.9997,36.6668,54.6665,0.0,54.6665,54.6665
2025-06-18T03:43:05.760923,0.1701,0.6778,22.8361,40.6668,63.5029,0.0,63.5029,63.5029
2025-06-18T03:43:05.829828,0.1982,0.7444,24.0025,44.6668,68.6693,0.0,68.6693,68.6693
2025-06-18T03:43:05.896083,0.2301,0.8111,25.8755,48.6668,74.5423,0.0,74.5423,74.5423
2025-06-18T03:43:05.962292,0.2634,0.8778,27.9255,52.6668,80.5923,0.0,80.5923,80.5923
2025-06-18T03:43:06.038524,0.3002,0.9444,29.7156,56.6668,86.3824,0.0,86.3824,86.3824
2025-06-18T03:43:06.096702,0.3582,1.0111,29.3402,60.6668,90.007,0.0,90.007,90.007
2025-06-18T03:43:06.164783,0.4006,1.0778,32.3876,64.6668,97.0544,0.0,97.0544,97.0544
2025-06-18T03:43:06.230300,0.4451,1.1444,34.0553,68.6668,102.7221,0.0,102.7221,102.7221
2025-06-18T03:43:06.299684,0.491,1.182,32.3464,70.9177,103.2641,0.0,103.2641,103.2641
2025-06-18T03:43:06.365874,0.5385,1.1581,25.5833,69.4843,95.0676,0.0,95.0676,95.0676
2025-06-18T03:43:06.431922,0.6055,1.132,20.9477,67.9209,88.8685,0.0,88.8685,88.8685
2025-06-18T03:43:06.508630,0.6411,1.1174,22.7784,67.0451,89.8235,0.0,89.8235,89.8235
2025-06-18T03:43:06.565545,0.7059,1.096,17.1581,65.7612,82.9193,0.0,82.9193,82.9193
2025-06-18T03:43:06.633469,0.7091,1.0824,22.1896,64.9424,87.132,0.0,87.132,87.132
2025-06-18T03:43:06.699001,0.741,1.068,18.5531,64.079,82.6321,0.0,82.6321,82.6321
2025-06-18T03:43:06.769599,0.7931,1.0627,15.7929,63.7633,79.5563,0.0,79.5563,79.5563
2025-06-18T03:43:06.833392,0.8095,1.0641,18.7087,63.8441,82.5528,0.0,82.5528,82.5528
2025-06-18T03:43:06.900855,0.828,1.054,16.8467,63.242,80.0888,0.0,80.0888,80.0888
2025-06-18T03:43:06.978578,0.8719,1.0495,13.6633,62.9687,76.6321,0.0,76.6321,76.6321
2025-06-18T03:43:07.035785,0.8556,1.0549,20.0528,63.2917,83.3445,0.0,83.3445,83.3445
2025-06-18T03:43:07.101599,0.8694,1.0481,16.2867,62.8835,79.1702,0.0,79.1702,79.1702
2025-06-18T03:43:07.168100,0.9082,1.0503,13.8175,63.0152,76.8327,0.0,76.8327,76.8327
2025-06-18T03:43:07.242861,0.9382,1.052,13.4702,63.1206,76.5909,0.0,76.5909,76.5909
2025-06-18T03:43:07.304649,0.9128,1.0527,18.771,63.1633,81.9343,0.0,81.9343,81.9343
2025-06-18T03:43:07.370589,0.9186,1.0533,16.3945,63.1974,79.5919,0.0,79.5919,79.5919
2025-06-18T03:43:07.436293,0.9249,1.0468,15.4777,62.808,78.2857,0.0,78.2857,78.2857
2025-06-18T03:43:07.504075,0.9845,1.0451,9.465,62.7048,72.1699,0.0,72.1699,72.1699
2025-06-18T03:43:07.570547,0.957,1.0472,17.5915,62.8306,80.4221,0.0,80.4221,80.4221
2025-06-18T03:43:07.637189,0.9616,1.0419,14.34,62.5146,76.8546,0.0,76.8546,76.8546
2025-06-18T03:43:07.711472,0.9626,1.0481,15.7944,62.8868,78.6812,0.0,78.6812,78.6812
2025-06-18T03:43:07.773589,0.9619,1.0503,15.856,63.0179,78.8739,0.0,78.8739,78.8739
2025-06-18T03:43:07.838480,0.9617,1.0527,16.0599,63.1644,79.2243,0.0,79.2243,79.2243
2025-06-18T03:43:07.905291,0.9882,1.0484,12.407,62.9066,75.3136,0.0,75.3136,75.3136
2025-06-18T03:43:07.973354,0.983,1.0506,15.6444,63.0337,78.6781,0.0,78.6781,78.6781
2025-06-18T03:43:08.040296,1.0047,1.0523,12.8589,63.1354,75.9943,0.0,75.9943,75.9943
2025-06-18T03:43:08.106292,0.9723,1.0543,18.4255,63.2584,81.6839,0.0,81.6839,81.6839
2025-06-18T03:43:08.179263,0.9712,1.0476,15.3048,62.8568,78.1617,0.0,78.1617,78.1617
2025-06-18T03:43:08.244287,0.9969,1.0471,12.776,62.8272,75.6032,0.0,75.6032,75.6032
2025-06-18T03:43:08.307475,0.9904,1.053,16.2479,63.1786,79.4264,0.0,79.4264,79.4264
2025-06-18T03:43:08.374350,1.012,1.0535,12.9554,63.2096,76.165,0.0,76.165,76.165
2025-06-18T03:43:08.441592,0.9788,0.9868,10.7003,59.2096,69.9099,0.0,69.9099,69.9099
2025-06-18T03:43:08.509301,0.9687,0.9202,6.631,9.2016,15.8326,0.0,15.8326,18.0
2025-06-18T03:43:08.575152,0.9181,0.8535,8.9478,8.5349,17.4827,0.0,17.4827,18.0
2025-06-18T03:43:08.649618,0.9034,0.7868,4.0148,7.8683,11.8831,0.0,11.8831,18.0
2025-06-18T03:43:08.714364,0.8745,0.7202,3.3659,7.2016,10.5675,0.0,10.5675,18.0
2025-06-18T03:43:08.776541,0.8413,0.6535,2.0954,6.5349,8.6303,0.0,8.6303,18.0
2025-06-18T03:43:08.843185,0.8092,0.5868,0.3411,5.8683,6.2093,0.0,6.2093,18.0
2025-06-18T03:43:08.910508,0.7754,0.5202,-1.1913,5.2016,4.0103,0.0,4.0103,18.0
2025-06-18T03:43:08.977380,0.7467,0.4535,-3.4805,4.5349,1.0544,0.0,1.0544,18.0
2025-06-18T03:43:09.044252,0.7041,0.3868,-3.8286,3.8683,0.0397,0.0,0.0397,18.0
2025-06-18T03:43:09.119581,0.6618,0.3202,-5.2757,3.2016,-2.0741,0.0,2.0741,18.0
2025-06-18T03:43:09.178341,0.5984,0.2535,-4.283,2.5349,-1.7481,0.0,1.7481,18.0
2025-06-18T03:43:09.245618,0.5464,0.1868,-6.2026,1.8683,-4.3343,0.0,4.3343,18.0
2025-06-18T03:43:09.312445,0.4912,0.1202,-6.927,1.2016,-5.7254,0.0,5.7254,18.0
2025-06-18T03:43:09.380752,0.438,0.0535,-8.1177,0.5349,-7.5828,0.0,7.5828,18.0
2025-06-18T03:43:09.447034,0.385,-0.0132,-9.2151,-0.1317,-9.3468,0.0,9.3468,18.0
2025-06-18T03:43:09.513815,0.3313,-0.0798,-10.2279,-0.7984,-11.0263,0.0,11.0263,18.0
2025-06-18T03:43:09.591626,0.2764,-0.1465,-11.1713,-1.4651,-12.6363,0.0,12.6363,18.0
2025-06-18T03:43:09.649109,0.2343,-0.2132,-13.7152,-2.1317,-15.847,0.0,15.847,18.0
2025-06-18T03:43:09.717011,0.187,-0.2798,-14.7223,-16.7904,-31.5127,0.0,31.5127,31.5127
2025-06-18T03:43:09.782040,0.1401,-0.3465,-16.1892,-20.7904,-36.9796,0.0,36.9796,36.9796
2025-06-18T03:43:09.851285,0.098,-0.4132,-18.211,-24.7904,-43.0014,0.0,43.0014,43.0014
2025-06-18T03:43:09.917755,0.0577,-0.4798,-20.1166,-28.7904,-48.907,0.0,48.907,48.907
2025-06-18T03:43:09.983087,0.0227,-0.5465,-22.5499,-32.7904,-55.3403,0.0,55.3403,55.3403
2025-06-18T03:43:10.050660,-0.0202,-0.6132,-23.6933,-36.7904,-60.4837,0.0,60.4837,60.4837
2025-06-18T03:43:10.117557,-0.06,-0.6798,-25.8181,-40.7904,-66.6084,0.0,66.6084,66.6084
2025-06-18T03:43:10.185662,-0.1063,-0.7465,-27.0077,-44.7904,-71.7981,0.0,71.7981,71.7981
2025-06-18T03:43:10.251254,-0.153,-0.8132,-28.6576,-48.7904,-77.4479,0.0,77.4479,77.4479
2025-06-18T03:43:10.322393,-0.2031,-0.8798,-29.9589,-52.7904,-82.7493,0.0,82.7493,82.7493
2025-06-18T03:43:10.385918,-0.2548,-0.9465,-31.3694,-56.7904,-88.1598,0.0,88.1598,88.1598
2025-06-18T03:43:10.452362,-0.3281,-1.0132,-30.3878,-60.7904,-91.1782,0.0,91.1782,91.1782
2025-06-18T03:43:10.530455,-0.3781,-1.0798,-33.7424,-64.7904,-98.5328,0.0,98.5328,98.5328
2025-06-18T03:43:10.586657,-0.4469,-1.1465,-33.1856,-68.7904,-101.976,0.0,101.976,101.976
2025-06-18T03:43:10.656764,-0.4663,-1.2132,-39.7664,-72.7904,-112.5568,0.0,112.5568,112.5568
2025-06-18T03:43:10.720683,-0.5181,-1.2798,-38.9582,-76.7904,-115.7486,0.0,115.7486,115.7486
2025-06-18T03:43:10.791749,-0.6288,-1.3465,-33.7264,-80.7904,-114.5168,0.0,114.5168,114.5168
2025-06-18T03:43:10.855995,-0.6482,-1.387,-40.4455,-83.2221,-123.6677,0.0,123.6677,123.6677
2025-06-18T03:43:10.922439,-0.7291,-1.3874,-30.4824,-83.2445,-113.7269,0.0,113.7269,113.7269
2025-06-18T03:43:11.000385,-0.7414,-1.3877,-36.0039,-83.2624,-119.2664,0.0,119.2664,119.2664
2025-06-18T03:43:11.056466,-0.7982,-1.3879,-31.1849,-83.2767,-114.4617,0.0,114.4617,114.4617
2025-06-18T03:43:11.123656,-0.8507,-1.3881,-30.1213,-83.2882,-113.4095,0.0,113.4095,113.4095
2025-06-18T03:43:11.189765,-0.928,-1.3883,-25.7924,-83.2973,-109.0898,0.0,109.0898,109.0898
2025-06-18T03:43:11.261561,-0.9608,-1.3884,-28.3946,-83.3047,-111.6993,0.0,111.6993,111.6993
2025-06-18T03:43:11.325274,-0.9995,-1.3885,-26.9228,-83.3105,-110.2334,0.0,110.2334,110.2334
2025-06-18T03:43:11.392096,-1.0372,-1.3886,-25.9557,-83.3152,-109.2709,0.0,109.2709,109.2709
2025-06-18T03:43:11.457858,-1.0704,-1.3886,-25.3953,-83.319,-108.7142,0.0,108.7142,108.7142
2025-06-18T03:43:11.525654,-1.1342,-1.3887,-20.8885,-83.322,-104.2104,0.0,104.2104,104.2104
2025-06-18T03:43:11.596097,-1.1514,-1.3887,-24.0103,-83.3244,-107.3347,0.0,107.3347,107.3347
2025-06-18T03:43:11.658855,-1.167,-1.3888,-23.7992,-83.3263,-107.1255,0.0,107.1255,107.1255
2025-06-18T03:43:11.734457,-1.218,-1.3888,-19.3373,-83.3279,-102.6651,0.0,102.6651,102.6651
2025-06-18T03:43:11.796227,-1.1907,-1.3888,-26.5609,-83.3291,-109.89,0.0,109.89,109.89
2025-06-18T03:43:11.859890,-1.2752,-1.3888,-14.9494,-83.3301,-98.2795,0.0,98.2795,98.2795
2025-06-18T03:43:11.926682,-1.2412,-1.3222,-17.6392,-79.3301,-96.9693,0.0,96.9693,96.9693
2025-06-18T03:43:11.996819,-1.2377,-1.2555,-12.8519,-75.3301,-88.1819,0.0,88.1819,88.1819
2025-06-18T03:43:12.061547,-1.2272,-1.1888,-11.0812,-11.8883,-22.9696,0.0,22.9696,22.9696
2025-06-18T03:43:12.127642,-1.1953,-1.1222,-11.1892,-11.2217,-22.4109,0.0,22.4109,22.4109
2025-06-18T03:43:12.201715,-1.1553,-1.0555,-10.5967,-10.555,-21.1517,0.0,21.1517,21.1517
2025-06-18T03:43:12.265447,-1.1489,-0.9888,-5.4642,-9.8883,-15.3525,0.0,15.3525,18.0
2025-06-18T03:43:12.330609,-1.1274,-0.9222,-4.5107,-9.2217,-13.7324,0.0,13.7324,18.0
2025-06-18T03:43:12.395404,-1.0653,-0.8555,-7.0915,-8.555,-15.6465,0.0,15.6465,18.0
2025-06-18T03:43:12.462659,-1.0237,-0.7888,-4.2336,-7.8883,-12.122,0.0,12.122,18.0
2025-06-18T03:43:12.531361,-0.9781,-0.7222,-3.352,-7.2217,-10.5736,0.0,10.5736,18.0
2025-06-18T03:43:12.596415,-0.9414,-0.6555,-1.1149,-6.555,-7.6699,0.0,7.6699,18.0
2025-06-18T03:43:12.671633,-0.8859,-0.5888,-1.6698,-5.8883,-7.5581,0.0,7.5581,18.0
2025-06-18T03:43:12.730900,-0.832,-0.5222,-0.6311,-5.2217,-5.8528,0.0,5.8528,18.0
2025-06-18T03:43:12.797401,-0.7799,-0.4555,0.5239,-4.555,-4.0312,0.0,4.0312,18.0
2025-06-18T03:43:12.864260,-0.7285,-0.3888,1.6301,-3.8883,-2.2582,0.0,2.2582,18.0
2025-06-18T03:43:12.932383,-0.6812,-0.3222,3.2038,-3.2217,-0.0179,0.0,0.0179,18.0
2025-06-18T03:43:13.001268,-0.6411,-0.2555,5.3107,-2.555,2.7557,0.0,2.7557,18.0
2025-06-18T03:43:13.065237,-0.5761,-0.1888,4.0319,-1.8883,2.1436,0.0,2.1436,18.0
2025-06-18T03:43:13.141575,-0.5234,-0.1222,6.0405,-1.2217,4.8188,0.0,4.8188,18.0
2025-06-18T03:43:13.199360,-0.4692,-0.0555,6.987,-0.555,6.432,0.0,6.432,18.0
2025-06-18T03:43:13.266915,-0.4185,0.0112,8.4607,0.1117,8.5724,0.0,8.5724,18.0
2025-06-18T03:43:13.333281,-0.3695,0.0778,9.8795,0.7783,10.6579,0.0,10.6579,18.0
2025-06-18T03:43:13.402777,-0.3183,0.1445,10.9599,1.445,12.4049,0.0,12.4049,18.0
2025-06-18T03:43:13.467488,-0.2717,0.2112,12.7501,2.1117,14.8617,0.0,14.8617,18.0
2025-06-18T03:43:13.534620,-0.2288,0.2778,14.6547,16.6699,31.3247,0.0,31.3247,31.3247
2025-06-18T03:43:13.611411,-0.1828,0.3445,15.9485,20.6699,36.6184,0.0,36.6184,36.6184
2025-06-18T03:43:13.668731,-0.1403,0.4112,17.9178,24.6699,42.5877,0.0,42.5877,42.5877
2025-06-18T03:43:13.736868,-0.0907,0.4778,18.8204,28.6699,47.4904,0.0,47.4904,47.4904
2025-06-18T03:43:13.802594,-0.0492,0.5445,21.2257,32.6699,53.8957,0.0,53.8957,53.8957
2025-06-18T03:43:13.872766,0.0065,0.6112,21.4076,36.6699,58.0775,0.0,58.0775,58.0775
2025-06-18T03:43:13.937676,0.0404,0.6778,25.207,40.6699,65.877,0.0,65.877,65.877
2025-06-18T03:43:14.003771,0.089,0.7445,25.7006,44.6699,70.3706,0.0,70.3706,70.3706
2025-06-18T03:43:14.072131,0.1515,0.8112,25.7068,48.6699,74.3767,0.0,74.3767,74.3767
2025-06-18T03:43:14.138490,0.197,0.8778,28.7238,52.6699,81.3937,0.0,81.3937,81.3937
2025-06-18T03:43:14.204778,0.242,0.9445,30.5797,56.6699,87.2497,0.0,87.2497,87.2497
2025-06-18T03:43:14.271842,0.3051,1.0112,30.291,60.6699,90.961,0.0,90.961,90.961
2025-06-18T03:43:14.343361,0.3331,1.0778,35.4757,64.6699,100.1457,0.0,100.1457,100.1457
2025-06-18T03:43:14.408224,0.3913,1.1445,34.5528,68.6699,103.2227,0.0,103.2227,103.2227
2025-06-18T03:43:14.473276,0.4718,1.2112,33.3115,72.6699,105.9814,0.0,105.9814,105.9814
2025-06-18T03:43:14.539687,0.5234,1.1734,24.9316,70.4022,95.3338,0.0,95.3338,95.3338
2025-06-18T03:43:14.608321,0.5682,1.1533,24.954,69.1969,94.1508,0.0,94.1508,94.1508
2025-06-18T03:43:14.674450,0.6115,1.1254,22.3226,67.5243,89.8469,0.0,89.8469,89.8469
2025-06-18T03:43:14.740910,0.6519,1.1031,21.0493,66.1862,87.2355,0.0,87.2355,87.2355
2025-06-18T03:43:14.812946,0.718,1.0825,16.2692,64.949,81.2182,0.0,81.2182,81.2182
2025-06-18T03:43:14.876989,0.7745,1.0736,15.6568,64.4177,80.0745,0.0,80.0745,80.0745
2025-06-18T03:43:14.943470,0.7973,1.0658,17.3964,63.9509,81.3473,0.0,81.3473,81.3473
2025-06-18T03:43:15.009091,0.7912,1.0548,19.4662,63.2858,82.752,0.0,82.752,82.752
2025-06-18T03:43:15.076596,0.8138,1.0473,16.6922,62.8371,79.5293,0.0,79.5293,79.5293
2025-06-18T03:43:15.143845,0.8587,1.0482,14.1496,62.8948,77.0444,0.0,77.0444,77.0444
2025-06-18T03:43:15.209942,0.8697,1.0469,16.2684,62.8159,79.0843,0.0,79.0843,79.0843
2025-06-18T03:43:15.282344,0.8798,1.0473,16.2939,62.8362,79.13,0.0,79.13,79.13
2025-06-18T03:43:15.346243,0.8895,1.042,15.4992,62.519,78.0182,0.0,78.0182,78.0182
2025-06-18T03:43:15.412620,0.8976,1.0419,15.8776,62.5153,78.3929,0.0,78.3929,78.3929
2025-06-18T03:43:15.478213,0.9043,1.044,16.1438,62.6374,78.7811,0.0,78.7811,78.7811
2025-06-18T03:43:15.545039,0.9363,1.0435,12.9023,62.61,75.5122,0.0,75.5122,75.5122
2025-06-18T03:43:15.612608,0.9368,1.0487,16.0241,62.9214,78.9455,0.0,78.9455,78.9455
2025-06-18T03:43:15.679147,0.9393,1.048,15.4445,62.8789,78.3234,0.0,78.3234,78.3234
2025-06-18T03:43:15.756416,0.9425,1.0426,14.8389,62.5532,77.3921,0.0,77.3921,77.3921
2025-06-18T03:43:15.817888,0.9448,1.0424,15.3244,62.5427,77.8671,0.0,77.8671,77.8671
2025-06-18T03:43:15.880261,0.998,1.045,9.7582,62.7009,72.4592,0.0,72.4592,72.4592
2025-06-18T03:43:15.947323,0.9654,1.0527,18.295,63.1608,81.4558,0.0,81.4558,81.4558
2025-06-18T03:43:16.014482,0.9658,1.0484,14.8485,62.9038,77.7522,0.0,77.7522,77.7522
2025-06-18T03:43:16.082839,0.9662,1.0471,15.1011,62.8231,77.9242,0.0,77.9242,77.9242
2025-06-18T03:43:16.148238,0.9646,1.0432,15.0909,62.5919,77.6828,0.0,77.6828,77.6828
2025-06-18T03:43:16.223416,0.9631,1.0471,15.9824,62.8236,78.8061,0.0,78.8061,78.8061
2025-06-18T03:43:16.282826,0.9877,0.9804,5.0734,9.8039,14.8773,0.0,14.8773,18.0
2025-06-18T03:43:16.349393,0.9405,0.9137,9.6435,9.1373,18.7808,0.0,18.7808,18.7808
2025-06-18T03:43:16.416022,0.9079,0.8471,7.108,8.4706,15.5786,0.0,15.5786,18.0
2025-06-18T03:43:16.484514,0.8899,0.7804,3.9096,7.8039,11.7136,0.0,11.7136,18.0
2025-06-18T03:43:16.550532,0.857,0.7137,3.4959,7.1373,10.6332,0.0,10.6332,18.0
2025-06-18T03:43:16.617296,0.8402,0.6471,0.0315,6.4706,6.5021,0.0,6.5021,18.0
2025-06-18T03:43:16.693481,0.8031,0.5804,0.0796,5.8039,5.8835,0.0,5.8835,18.0
2025-06-18T03:43:16.751268,0.76,0.5137,-0.7476,5.1373,4.3897,0.0,4.3897,18.0
2025-06-18T03:43:16.820171,0.7164,0.4471,-1.9864,4.4706,2.4842,0.0,2.4842,18.0
2025-06-18T03:43:16.885467,0.6733,0.3804,-3.3612,3.8039,0.4428,0.0,0.4428,18.0
2025-06-18T03:43:16.954531,0.6318,0.3137,-4.9152,3.1373,-1.7779,0.0,1.7779,18.0
2025-06-18T03:43:17.019355,0.5715,0.2471,-4.1805,2.4706,-1.7099,0.0,1.7099,18.0
2025-06-18T03:43:17.086111,0.521,0.1804,-6.0283,1.8039,-4.2243,0.0,4.2243,18.0
2025-06-18T03:43:17.165419,0.4663,0.1137,-6.6518,1.1373,-5.5145,0.0,5.5145,18.0
2025-06-18T03:43:17.220287,0.4155,0.0471,-8.0817,0.4706,-7.6111,0.0,7.6111,18.0
2025-06-18T03:43:17.287611,0.3644,-0.0196,-9.1858,-0.1961,-9.3819,0.0,9.3819,18.0
2025-06-18T03:43:17.354612,0.3092,-0.0863,-9.8696,-0.8627,-10.7323,0.0,10.7323,18.0
2025-06-18T03:43:17.425761,0.2606,-0.1529,-11.6313,-1.5294,-13.1607,0.0,13.1607,18.0
2025-06-18T03:43:17.489322,0.2164,-0.2196,-13.4506,-13.1764,-26.6269,0.0,26.6269,26.6269
2025-06-18T03:43:17.556943,0.1719,-0.2863,-14.9224,-17.1764,-32.0987,0.0,32.0987,32.0987
2025-06-18T03:43:17.634949,0.1303,-0.3529,-16.7773,-21.1764,-37.9537,0.0,37.9537,37.9537
2025-06-18T03:43:17.690398,0.0843,-0.4196,-17.9533,-25.1764,-43.1297,0.0,43.1297,43.1297
2025-06-18T03:43:17.757537,0.037,-0.4863,-19.3305,-29.1764,-48.5069,0.0,48.5069,48.5069
2025-06-18T03:43:17.824010,0.0068,-0.5529,-22.8121,-33.1764,-55.9885,0.0,55.9885,55.9885
2025-06-18T03:43:17.895250,-0.045,-0.6196,-22.5574,-37.1764,-59.7337,0.0,59.7337,59.7337
2025-06-18T03:43:17.960423,-0.075,-0.6863,-26.4735,-41.1764,-67.6498,0.0,67.6498,67.6498
2025-06-18T03:43:18.026208,-0.1208,-0.7529,-26.9664,-45.1764,-72.1428,0.0,72.1428,72.1428
2025-06-18T03:43:18.092116,-0.1802,-0.8196,-27.0878,-49.1764,-76.2642,0.0,76.2642,76.2642
2025-06-18T03:43:18.160817,-0.2263,-0.8863,-29.791,-53.1764,-82.9674,0.0,82.9674,82.9674
2025-06-18T03:43:18.227342,-0.2939,-0.9529,-29.0157,-57.1764,-86.1921,0.0,86.1921,86.1921
2025-06-18T03:43:18.293225,-0.3208,-1.0196,-34.594,-61.1764,-95.7704,0.0,95.7704,95.7704
2025-06-18T03:43:18.365299,-0.3706,-1.0863,-34.4998,-65.1764,-99.6761,0.0,99.6761,99.6761
2025-06-18T03:43:18.429328,-0.4388,-1.1529,-34.021,-69.1764,-103.1974,0.0,103.1974,103.1974
2025-06-18T03:43:18.494460,-0.5116,-1.2196,-34.3693,-73.1764,-107.5456,0.0,107.5456,107.5456
2025-06-18T03:43:18.561491,-0.5336,-1.2863,-40.9657,-77.1764,-118.142,0.0,118.142,118.142
2025-06-18T03:43:18.628998,-0.5885,-1.3529,-39.9919,-81.1764,-121.1683,0.0,121.1683,121.1683
2025-06-18T03:43:18.695511,-0.6453,-1.388,-37.5948,-83.2793,-120.8741,0.0,120.8741,120.8741
2025-06-18T03:43:18.762479,-0.6959,-1.3882,-34.3538,-83.2903,-117.644,0.0,117.644,117.644
2025-06-18T03:43:18.835643,-0.8064,-1.3883,-26.2218,-83.299,-109.5208,0.0,109.5208,109.5208
2025-06-18T03:43:18.900075,-0.813,-1.3884,-34.5208,-83.306,-117.8268,0.0,117.8268,117.8268
2025-06-18T03:43:18.963576,-0.8616,-1.3885,-30.1315,-83.3116,-113.4431,0.0,113.4431,113.4431
2025-06-18T03:43:19.030659,-0.9068,-1.3886,-29.2176,-83.3161,-112.5337,0.0,112.5337,112.5337
2025-06-18T03:43:19.097798,-0.9464,-1.3887,-28.6481,-83.3197,-111.9678,0.0,111.9678,111.9678
2025-06-18T03:43:19.165151,-1.0175,-1.3887,-23.9349,-83.3225,-107.2575,0.0,107.2575,107.2575
2025-06-18T03:43:19.231657,-1.081,-1.3887,-22.3737,-83.3248,-105.6985,0.0,105.6985,105.6985
2025-06-18T03:43:19.305860,-1.0689,-1.3888,-28.9674,-83.3267,-112.294,0.0,112.294,112.294
2025-06-18T03:43:19.369543,-1.1334,-1.3888,-20.9744,-83.3281,-104.3025,0.0,104.3025,104.3025
2025-06-18T03:43:19.432671,-1.118,-1.3888,-27.9434,-83.3293,-111.2727,0.0,111.2727,111.2727
2025-06-18T03:43:19.499725,-1.1401,-1.3888,-24.5822,-83.3302,-107.9124,0.0,107.9124,107.9124
2025-06-18T03:43:19.566774,-1.2318,-1.3888,-15.9047,-83.331,-99.2357,0.0,99.2357,99.2357
2025-06-18T03:43:19.635351,-1.2021,-1.3889,-26.4455,-83.3316,-109.7771,0.0,109.7771,109.7771
2025-06-18T03:43:19.700336,-1.2487,-1.3222,-11.2863,-79.3316,-90.6179,0.0,90.6179,90.6179
2025-06-18T03:43:19.775953,-1.2141,-1.2555,-16.1571,-75.3316,-91.4887,0.0,91.4887,91.4887
2025-06-18T03:43:19.834491,-1.2064,-1.1889,-11.7432,-11.8886,-23.6318,0.0,23.6318,23.6318
2025-06-18T03:43:19.901707,-1.173,-1.1222,-12.2793,-11.2219,-23.5012,0.0,23.5012,23.5012
2025-06-18T03:43:19.968336,-1.1881,-1.0555,-5.1942,-10.5553,-15.7494,0.0,15.7494,18.0
2025-06-18T03:43:20.036592,-1.1362,-0.9889,-9.4412,-9.8886,-19.3298,0.0,19.3298,19.3298
2025-06-18T03:43:20.102470,-1.0835,-0.9222,-8.7228,-9.2219,-17.9448,0.0,17.9448,18.0
2025-06-18T03:43:20.169252,-1.0177,-0.8555,-9.4504,-8.5553,-18.0057,0.0,18.0057,18.0057
2025-06-18T03:43:20.246722,-0.9837,-0.7889,-5.495,-7.8886,-13.3836,0.0,13.3836,18.0
2025-06-18T03:43:20.303351,-0.9589,-0.7222,-2.8172,-7.2219,-10.0392,0.0,10.0392,18.0
2025-06-18T03:43:20.370343,-0.9094,-0.6555,-3.6545,-6.5553,-10.2098,0.0,10.2098,18.0
2025-06-18T03:43:20.437185,-0.8608,-0.5889,-2.4937,-5.8886,-8.3823,0.0,8.3823,18.0
2025-06-18T03:43:20.509399,-0.8107,-0.5222,-1.5555,-5.2219,-6.7775,0.0,6.7775,18.0
2025-06-18T03:43:20.572198,-0.7612,-0.4555,-0.4174,-4.5553,-4.9726,0.0,4.9726,18.0
2025-06-18T03:43:20.638190,-0.7216,-0.3889,1.8401,-3.8886,-2.0485,0.0,2.0485,18.0
2025-06-18T03:43:20.715178,-0.6741,-0.3222,2.4981,-3.2219,-0.7238,0.0,0.7238,18.0
2025-06-18T03:43:20.772352,-0.6295,-0.2555,4.0829,-2.5553,1.5277,0.0,1.5277,18.0
2025-06-18T03:43:20.842153,-0.5673,-0.1889,3.4624,-1.8886,1.5738,0.0,1.5738,18.0
2025-06-18T03:43:20.906106,-0.5171,-0.1245,5.2591,-1.2453,4.0138,0.0,4.0138,18.0
2025-06-18T03:43:20.976349,-0.4645,-0.0996,1.5158,-0.9962,0.5196,0.0,0.5196,18.0
2025-06-18T03:43:21.040438,-0.4139,-0.0797,0.5004,-0.797,-0.2966,0.0,0.2966,18.0
2025-06-18T03:43:21.107389,-0.3842,-0.0638,1.6561,-0.6376,1.0185,0.0,1.0185,18.0
2025-06-18T03:43:21.185398,-0.3368,-0.051,-0.9275,-0.5101,-1.4376,0.0,1.4376,18.0
2025-06-18T03:43:21.241428,-0.3069,-0.0408,-0.2272,-0.4081,-0.6352,0.0,0.6352,18.0
2025-06-18T03:43:21.311748,-0.2929,-0.0326,0.919,-0.3264,0.5926,0.0,0.5926,18.0
2025-06-18T03:43:21.375415,-0.2508,-0.0261,-2.4385,-0.2612,-2.6997,0.0,2.6997,18.0
2025-06-18T03:43:21.446577,-0.2298,-0.0209,-1.3054,-0.2089,-1.5143,0.0,1.5143,18.0
2025-06-18T03:43:21.510703,-0.2212,-0.0167,-0.3474,-0.1671,-0.5145,0.0,0.5145,18.0
2025-06-18T03:43:21.576520,-0.2067,-0.0134,-1.0487,-0.1337,-1.1824,0.0,1.1824,18.0
2025-06-18T03:43:21.654945,-0.1918,-0.0107,-1.3795,-0.107,-1.4865,0.0,1.4865,18.0
2025-06-18T03:43:21.712081,-0.1774,-0.0086,-1.6407,-0.0856,-1.7263,1.0,1.7263,0.0
2025-06-18T03:43:21.777624,-0.1589,-0.0068,-2.4514,-0.0685,-2.5198,1.0,2.5198,0.0
2025-06-18T03:43:21.844422,-0.1418,-0.0055,-2.827,-0.0548,-2.8817,1.0,2.8817,0.0
2025-06-18T03:43:21.917194,-0.1264,-0.0044,-3.1143,-0.0438,-3.1581,1.0,3.1581,0.0
2025-06-18T03:43:21.980825,-0.1128,-0.0035,-3.3722,-0.0351,-3.4072,1.0,3.4072,0.0
2025-06-18T03:43:22.046448,-0.1006,-0.0028,-3.6035,-0.028,-3.6316,1.0,3.6316,0.0
2025-06-18T03:43:22.112579,-0.0897,-0.0022,-3.8109,-0.0224,-3.8333,1.0,3.8333,0.0
2025-06-18T03:43:22.180332,-0.08,-0.0018,-3.9967,-0.0179,-4.0146,1.0,4.0146,0.0
2025-06-18T03:43:22.246644,-0.0714,-0.0014,-4.1631,-0.0144,-4.1774,1.0,4.1774,0.0
2025-06-18T03:43:22.313420,-0.0637,-0.0011,-4.312,-0.0115,-4.3235,1.0,4.3235,0.0
2025-06-18T03:43:22.386620,-0.0568,-0.0009,-4.4453,-0.0092,-4.4545,1.0,4.4545,0.0
2025-06-18T03:43:22.450637,-0.0507,-0.0007,-4.5645,-0.0074,-4.5719,1.0,4.5719,0.0
2025-06-18T03:43:22.514697,-0.0452,-0.0006,-4.6711,-0.0059,-4.677,1.0,4.677,0.0
2025-06-18T03:43:22.581529,-0.0403,-0.0005,-4.7664,-0.0047,-4.7711,1.0,4.7711,0.0
2025-06-18T03:43:22.648689,-0.036,-0.0004,-4.8516,-0.0038,-4.8554,1.0,4.8554,0.0
2025-06-18T03:43:22.716201,-0.0321,-0.0003,-4.9278,-0.003,-4.9308,1.0,4.9308,0.0
2025-06-18T03:43:22.782493,-0.0286,-0.0002,-4.9958,-0.0024,-4.9982,1.0,4.9982,0.0
2025-06-18T03:43:22.856518,-0.0255,-0.0002,-5.0565,-0.0019,-5.0585,1.0,5.0585,0.0
2025-06-18T03:43:22.921562,-0.0228,-0.0002,-5.1108,-0.0015,-5.1123,1.0,5.1123,0.0
2025-06-18T03:43:22.984335,-0.0203,-0.0001,-5.1593,-0.0012,-5.1605,1.0,5.1605,0.0
2025-06-18T03:43:23.050742,-0.0181,-0.0001,-5.2025,-0.001,-5.2035,1.0,5.2035,0.0
2025-06-18T03:43:23.119497,-0.0162,-0.0001,-5.2412,-0.0008,-5.242,1.0,5.242,0.0
2025-06-18T03:43:23.185796,-0.0144,-0.0001,-5.2757,-0.0006,-5.2763,1.0,5.2763,0.0
2025-06-18T03:43:23.251592,-0.0129,-0.0001,-5.3065,-0.0005,-5.307,1.0,5.307,0.0
2025-06-18T03:43:23.326476,-0.0115,-0.0,-5.3339,-0.0004,-5.3344,1.0,5.3344,0.0
2025-06-18T03:43:23.386129,-0.0102,-0.0,-5.3585,-0.0003,-5.3588,1.0,5.3588,0.0
2025-06-18T03:43:23.452822,-0.0091,-0.0,-5.3804,-0.0003,-5.3806,1.0,5.3806,0.0
2025-06-18T03:43:23.519745,-0.0081,-0.0,-5.3999,-0.0002,-5.4001,1.0,5.4001,0.0
2025-06-18T03:43:23.587644,-0.0073,-0.0,-5.4173,-0.0002,-5.4175,1.0,5.4175,0.0
2025-06-18T03:43:23.653878,-0.0065,-0.0,-5.4329,-0.0001,-5.433,1.0,5.433,0.0
2025-06-18T03:43:23.720687,-0.0058,-0.0,-5.4468,-0.0001,-5.4469,1.0,5.4469,0.0
2025-06-18T03:43:23.798890,-0.0052,-0.0,-5.4592,-0.0001,-5.4593,1.0,5.4593,0.0
2025-06-18T03:43:23.854970,-0.0046,-0.0,-5.4702,-0.0001,-5.4703,1.0,5.4703,0.0
2025-06-18T03:43:23.923054,-0.0041,-0.0,-5.4801,-0.0001,-5.4801,1.0,5.4801,0.0
2025-06-18T03:43:23.988850,-0.0037,-0.0,-5.4889,-0.0,-5.4889,1.0,5.4889,0.0
2025-06-18T03:43:24.059000,-0.0033,-0.0,-5.4967,-0.0,-5.4968,1.0,5.4968,0.0
2025-06-18T03:43:24.123540,-0.0029,-0.0,-5.5037,-0.0,-5.5038,1.0,5.5038,0.0
2025-06-18T03:43:24.189926,-0.0026,-0.0,-5.51,-0.0,-5.51,1.0,5.51,0.0
2025-06-18T03:43:24.266496,-0.0023,-0.0,-5.5156,-0.0,-5.5156,1.0,5.5156,0.0
2025-06-18T03:43:24.324634,-0.0021,-0.0,-5.5205,-0.0,-5.5206,1.0,5.5206,0.0
2025-06-18T03:43:24.391548,-0.0018,-0.0,-5.525,-0.0,-5.525,1.0,5.525,0.0
2025-06-18T03:43:24.457893,-0.0016,-0.0,-5.5289,-0.0,-5.5289,1.0,5.5289,0.0
2025-06-18T03:43:24.528247,-0.0015,-0.0,-5.5325,-0.0,-5.5325,1.0,5.5325,0.0
2025-06-18T03:43:24.592713,-0.0013,-0.0,-5.5356,-0.0,-5.5356,1.0,5.5356,0.0
2025-06-18T03:43:24.658951,-0.0012,-0.0,-5.5384,-0.0,-5.5384,1.0,5.5384,0.0
2025-06-18T03:43:24.735594,-0.001,-0.0,-5.5409,-0.0,-5.5409,1.0,5.5409,0.0
2025-06-18T03:43:24.794394,-0.0009,-0.0,-5.5432,-0.0,-5.5432,1.0,5.5432,0.0
2025-06-18T03:43:24.861508,-0.0008,-0.0,-5.5452,-0.0,-5.5452,1.0,5.5452,0.0
2025-06-18T03:43:24.926958,-0.0007,-0.0,-5.5469,-0.0,-5.5469,1.0,5.5469,0.0
2025-06-18T03:43:24.996325,-0.0007,-0.0,-5.5485,-0.0,-5.5485,1.0,5.5485,0.0
2025-06-18T03:43:25.061253,-0.0006,-0.0,-5.5499,-0.0,-5.5499,1.0,5.5499,0.0
2025-06-18T03:43:25.128077,-0.0005,-0.0,-5.5512,-0.0,-5.5512,1.0,5.5512,0.0
2025-06-18T03:43:25.206629,-0.0005,-0.0,-5.5523,-0.0,-5.5523,1.0,5.5523,0.0
2025-06-18T03:43:25.262335,-0.0004,-0.0,-5.5533,-0.0,-5.5533,1.0,5.5533,0.0
2025-06-18T03:43:25.332202,-0.0004,-0.0,-5.5542,-0.0,-5.5542,1.0,5.5542,0.0
2025-06-18T03:43:25.396203,-0.0003,-0.0,-5.555,-0.0,-5.555,1.0,5.555,0.0
2025-06-18T03:43:25.466318,-0.0003,-0.0,-5.5557,-0.0,-5.5557,1.0,5.5557,0.0
2025-06-18T03:43:25.530451,-0.0003,-0.0,-5.5564,-0.0,-5.5564,1.0,5.5564,0.0
2025-06-18T03:43:25.597137,-0.0002,-0.0,-5.5569,-0.0,-5.5569,1.0,5.5569,0.0
2025-06-18T03:43:25.675237,-0.0002,-0.0,-5.5575,-0.0,-5.5575,1.0,5.5575,0.0
2025-06-18T03:43:25.731700,-0.0002,-0.0,-5.5579,-0.0,-5.5579,1.0,5.5579,0.0
2025-06-18T03:43:25.800550,-0.0002,-0.0,-5.5583,-0.0,-5.5583,1.0,5.5583,0.0
2025-06-18T03:43:25.865204,-0.0001,-0.0,-5.5587,-0.0,-5.5587,1.0,5.5587,0.0
2025-06-18T03:43:25.937622,-0.0001,-0.0,-5.559,-0.0,-5.559,1.0,5.559,0.0
2025-06-18T03:43:26.002294,-0.0001,-0.0,-5.5593,-0.0,-5.5593,1.0,5.5593,0.0
2025-06-18T03:43:26.066426,-0.0001,-0.0,-5.5595,-0.0,-5.5595,1.0,5.5595,0.0
2025-06-18T03:43:26.133156,-0.0001,-0.0,-5.5598,-0.0,-5.5598,1.0,5.5598,0.0
2025-06-18T03:43:26.201139,-0.0001,-0.0,-5.56,-0.0,-5.56,1.0,5.56,0.0
2025-06-18T03:43:26.267581,-0.0001,-0.0,-5.5601,-0.0,-5.5601,1.0,5.5601,0.0
2025-06-18T03:43:26.334248,-0.0001,-0.0,-5.5603,-0.0,-5.5603,1.0,5.5603,0.0
2025-06-18T03:43:26.409944,-0.0001,-0.0,-5.5604,-0.0,-5.5604,1.0,5.5604,0.0
2025-06-18T03:43:26.470779,-0.0001,-0.0,-5.5606,-0.0,-5.5606,1.0,5.5606,0.0
2025-06-18T03:43:26.535315,-0.0,-0.0,-5.5607,-0.0,-5.5607,1.0,5.5607,0.0
2025-06-18T03:43:26.602285,-0.0,-0.0,-5.5608,-0.0,-5.5608,1.0,5.5608,0.0
2025-06-18T03:43:26.670470,-0.0,-0.0,-5.5609,-0.0,-5.5609,1.0,5.5609,0.0
2025-06-18T03:43:26.738903,-0.0,-0.0,-5.561,-0.0,-5.561,1.0,5.561,0.0
2025-06-18T03:43:26.803471,-0.0,-0.0,-5.561,-0.0,-5.561,1.0,5.561,0.0
2025-06-18T03:43:26.876440,-0.0,-0.0,-5.5611,-0.0,-5.5611,1.0,5.5611,0.0
2025-06-18T03:43:26.940370,-0.0,-0.0,-5.5612,-0.0,-5.5612,1.0,5.5612,0.0
2025-06-18T03:43:27.004488,-0.0,-0.0,-5.5612,-0.0,-5.5612,1.0,5.5612,0.0
2025-06-18T03:43:27.071428,-0.0,-0.0,-5.5613,-0.0,-5.5613,1.0,5.5613,0.0
2025-06-18T03:43:27.141827,-0.0,-0.0,-5.5613,-0.0,-5.5613,1.0,5.5613,0.0
2025-06-18T03:43:27.208729,-0.0,-0.0,-5.5613,-0.0,-5.5613,1.0,5.5613,0.0
2025-06-18T03:43:27.272463,-0.0,-0.0,-5.5614,-0.0,-5.5614,1.0,5.5614,0.0
2025-06-18T03:43:27.346407,-0.0,-0.0,-5.5614,-0.0,-5.5614,1.0,5.5614,0.0
2025-06-18T03:43:27.406530,-0.0,-0.0,-5.5614,-0.0,-5.5614,1.0,5.5614,0.0
2025-06-18T03:43:27.473429,-0.0,-0.0,-5.5614,-0.0,-5.5614,1.0,5.5614,0.0
